geo,ADPe,ADPf,AP,CTUe,CTUh_c,CTUh_nc,Epf,Epm,Ept,GWP,GWPf,GWPlu,IR,LU,ODP,PM,POCP,WU,TPE
GLO,0.00000271,9.78,0.00389,14.4,2.04,7.73,0.000383,0.000723,0.00728,0.762,0.00235,0.758,0.00157,0.109,1.63,3.18,2.82,0.00195,0.12
